Drive_Name,Description,Price,Stock
ODE-3-120070-1F12,,298.00,In stock
ODE-3-120023-1F1B,,475.20,In stock
ODE-3-210058-104B,"1.5 HP, 5.8 Amp, 110-115V AC INPUT, 230V AC Output, Nema 4X",681.60,2-4 weeks
EP66-0075T3I2U5,"EP66-0075T3I2U5: Constant Torque, Sensorless Vector, VFD, 10HP,7.5KW","1,265.49",In stock
EP66-0110T3I3U5,"EP66-0110T3I3U5: Constant Torque, Sensorless Vector, VFD, 15HP,11KW","1,380.36",In stock
E2100-0185T3E6,"E2100-0185T3E6: Closed-loop Vector Control, VFD, 25HP,19KW","1,127.37",In stock
E2100-0220T3E6,"E2100-0220T3E6: Closed-loop Vector Control, VFD, 30HP,22KW","1,270.34",In stock
E2100-0300T3E6,"E2100-0300T3E6: Closed-loop Vector Control, VFD, 40HP,30KW","1,613.04",In stock
E2100-0370T3E7,"E2100-0370T3E7: Closed-loop Vector Control, VFD, 50HP,37KW","2,017.04",In stock
E2100-0450T3E7,"E2100-0450T3E7: Closed-loop Vector Control, VFD, 60HP,45KW","2,274.39",In stock
EP66-0150T3I3U5,"EP66-0150T3I3U5: Constant Torque, Sensorless Vector, VFD, 20HP,15KW","2,440.79",In stock
E2100-0550T3C51,"E2100-0550T3C51: Closed-loop Vector Control, VFD, 75HP,55KW","3,448.73",In stock
E2100-0750T3C51,"E2100-0750T3C51: Closed-loop Vector Control, VFD, 100HP,75KW","3,599.66",In stock
E2100-0900T3C61,"E2100-0900T3C61: Closed-loop Vector Control, VFD, 120HP,90KW","4,811.54",In stock
E2100-1100T3C61,"E2100-1100T3C61: Closed-loop Vector Control, VFD, 150HP,110KW","5,169.66",In stock
E2100-1320T3C61,"E2100-1320T3C61: Closed-loop Vector Control, VFD, 175HP,132KW","5,690.91",In stock
E2100-1600T3C7,"E2100-1600T3C7: Closed-loop Vector Control, VFD, 215HP,160KW","8,353.04",In stock
E2100-1850T3C8,"E2100-1850T3C8: Closed-loop Vector Control, VFD, 248HP,185KW","9,904.68",In stock
E600-0002S2Q1,"E600-0002S2Q1: Variable Torque, VFD, 0.25HP,0.2KW",141.38,In stock
E600-0002S2Q2,"E600-0002S2Q2: Variable Torque, VFD, 0.25HP,0.2KW",143.51,In stock
E600-0004S2Q2,"E600-0004S2Q2: Variable Torque, VFD, 0.5HP,0.4KW",146.22,In stock
E600-0004S2Q1,"E600-0004S2Q1: Variable Torque, VFD, 0.5HP,0.4KW",148.95,In stock
E600-0007S2Q1,"E600-0007S2Q1: Variable Torque, VFD, 1HP,0.75KW",157.67,In stock
E600-0007S2Q2,"E600-0007S2Q2: Variable Torque, VFD, 1HP,0.75KW",158.60,In stock
E600-0015S2Q1,"E600-0015S2Q1: Variable Torque, VFD, 2HP,1.5KW",161.42,In stock
E600-0015S2Q2,"E600-0015S2Q2: Variable Torque, VFD, 2HP,1.5KW",163.92,In stock
E600-0002T3Q1,"E600-0002T3Q1: Variable Torque, VFD, 0.25HP,0.2KW",165.80,In stock
E600-0004T3Q1,"E600-0004T3Q1: Variable Torque, VFD, 0.5HP,0.4KW",167.97,In stock
E2100-0002S2E1,"E2100-0002S2E1: Closed-loop Vector Control, VFD, 0.25HP,0.2KW",169.50,In stock
E2100-0004S2E1,"E2100-0004S2E1: Closed-loop Vector Control, VFD, 0.5HP,0.4KW",173.13,In stock
DRM025,"DRM025: Din Rail Mountable, 1/4 HP, Analog, DC Motor Control",160.00,In stock
DRM025-1,"DRM025-1: Din Rail Mountable, 1/8 HP, Analog, DC Motor Control",160.00,In stock
E600-0002T3Q2,"E600-0002T3Q2: Variable Torque, VFD, 0.25HP,0.2KW",181.73,In stock
E600-0007T3Q1,"E600-0007T3Q1: Variable Torque, VFD, 1HP,0.75KW",182.58,In stock
WJ200-002LF,"WJ200-002LF: Constant Torque, Sensorless Vector Hitachi 1/4 HP,",198.00,In stock
E600-0004T3Q2,"E600-0004T3Q2: Variable Torque, VFD, 0.5HP,0.4KW",183.92,In stock
E2100-0007S2E1,"E2100-0007S2E1: Closed-loop Vector Control, VFD, 1HP,0.75KW",184.23,In stock
E600-0022S2Q2,"E600-0022S2Q2: Variable Torque, VFD, 3HP,2.2KW",186.53,In stock
E600-0015T3Q1,"E600-0015T3Q1: Variable Torque, VFD, 2HP,1.5KW",191.79,In stock
WJ200-002SF,"WJ200-002SF: Constant Torque, Sensorless Vector, Single Phase In",198.00,In stock
DRM050-1,"DRM050-1: Din Rail Mountable, 1/4 HP, Analog, DC Motor Control",175.00,In stock
ODE-3-120023-1F12,"ODE-3-120023-1F12, 0.5 HP, 230V Phase Converter",218.40,In stock
E2100-0015S2E1,"E2100-0015S2E1: Closed-loop Vector Control, VFD, 2HP,1.5KW",195.48,In stock
E600-0007T3Q2,"E600-0007T3Q2: Variable Torque, VFD, 1HP,0.75KW",199.35,In stock
NES1-007LB,"NES1-007LB: Variable Torque Hitachi 1 HP, 0.7 kW, VFD",269.00,In stock
ODE-3-110023-1012,"ODE-3-110023-1012 1/2 HP, 2.3 Amp, 110-115v Input, 230V AC 3 phase output.",235.20,In stock
E600-0015T3Q2,"E600-0015T3Q2: Variable Torque, VFD, 2HP,1.5KW",216.15,In stock
C1-002SFU2,"C1-002SFU2: Constant Torque, Sensorless Vector, Hitachi 0.25HP",198.00,In stock
C1-002LFU2,"C1-002LFU2: Constant Torque, Sensorless Vector, Hitachi 0.25HP",198.00,In stock
ODE-3-120043-1F12,"ODE-3-120043-1F12, 1 HP, 230V Phase Converter",252.00,In stock
ODE-3-120023-3012,"ODE-3-120023-3012, 0.5 HP, 230V VFD",259.20,In stock
E2100-0004S1E2,"E2100-0004S1E2: Closed-loop Vector Control, VFD, 0.5HP,0.4KW",232.62,In stock
E2100-0022S2E2,"E2100-0022S2E2: Closed-loop Vector Control, VFD, 3HP,2.2KW",234.69,In stock
WJ200-004SF,"WJ200-004SF: Constant Torque, Sensorless Vector, Single Phase In",218.40,In stock
ODE-3-110043-1012,"ODE-3-110043-1012, 1 HP, 4.3 Amp, 110-115V input, 230V AC 3 Phase output.",271.20,2-4 weeks
C1-004LFU2,"C1-004LFU2: Constant Torque, Sensorless Vector, Hitachi 0.5HP",218.40,In stock
C1-004SFU2,"C1-004SFU2: Constant Torque, Sensorless Vector, Hitachi 0.5HP",218.40,In stock
E600-0022T3Q2,"E600-0022T3Q2: Variable Torque, VFD, 3HP,2.2KW",243.23,In stock
ODE-3-120043-3012,"ODE-3-120043-3012, 1 HP, 230V VFD",273.60,In stock
NES1-015SB,"NES1-015SB: Variable Torque Hitachi 2 HP, 1.5 kW, VFD",324.00,In stock
E2100-0002T3E1,"E2100-0002T3E1: Closed-loop Vector Control, VFD, 0.25HP,0.2KW",254.10,In stock
NES1-004LB,"NES1-004LB: Variable Torque Hitachi 1/2 HP, 0.4 kW, VFD",233.00,In stock
E600-0030T3Q2,"E600-0030T3Q2: Variable Torque, VFD, 4HP,3KW",256.73,In stock
E2100-0007S1E2,"E2100-0007S1E2: Closed-loop Vector Control, VFD, 1HP,0.8KW",258.02,In stock
E2100-0004T2E1,"E2100-0004T2E1: Closed-loop Vector Control, VFD, 0.5HP,0.4KW",259.58,In stock
E2100-0004T3E1,"E2100-0004T3E1: Closed-loop Vector Control, VFD, 0.5HP,0.4KW",262.35,In stock
E2100-0007T2E1,"E2100-0007T2E1: Closed-loop Vector Control, VFD, 1HP,0.75KW",268.49,In stock
E2100-0007T3E1,"E2100-0007T3E1: Closed-loop Vector Control, VFD, 1HP,0.75KW",269.10,In stock
DRM075,"DRM075: Din Rail Mountable, 3/4 HP, Analog, DC Motor Control",243.00,In stock
DRM100,"DRM100: Din Rail Mountable, 1 HP, Analog, DC Motor Control",243.00,In stock
NES1-004HB,"NES1-004HB: Variable Torque Hitachi 1/2 HP, 0.4 kW, VFD",318.00,In stock
C1-007LFU2,"C1-007LFU2: Constant Torque, Sensorless Vector, Hitachi 1HP",247.20,In stock
C1-004HFU2,"C1-004HFU2: Constant Torque, Sensorless Vector, Hitachi 0.5HP",249.00,In stock
E2100-0015T3E1,"E2100-0015T3E1: Closed-loop Vector Control, VFD, 2HP,1.5KW",279.81,In stock
ODE-3-140022-3F12,"ODE-3-140022-3F12, 1 HP, 460V VFD, W/ EMC Filter",321.60,In stock
NES1-007HB,"NES1-007HB: Variable Torque Hitachi 1 HP, 0.7 kW, VFD",340.00,In stock
E600-0040T3Q2,"E600-0040T3Q2: Variable Torque, VFD, 5.25HP,4KW",293.85,In stock
ODE-3-120023-1F1A,"Non-Switched, Constant Torque, Sensorless Vector Invertek 0.5 HP, 0.37kW",333.60,In stock
DRM100-1,"DRM100-1: Din Rail Mountable, 1/2 HP, Analog, DC Motor Control",273.00,In stock
ODE-3-120023-301A,"Non Switched, Constant Torque, Sensorless Vector Invertek 0.5 HP, 0.37kW",350.40,In stock
ODE-3-140041-3F12,"ODE-3-140041-3F12, 2 HP, 460V VFD",350.40,In stock
WJ200-015SF,"WJ200-015SF: Constant Torque, Sensorless Vector, Single Phase In",312.60,In stock
E2100-0022T3E2,"E2100-0022T3E2: Closed-loop Vector Control, VFD, 3HP,2.2KW",316.19,In stock
E2100-0015T2E1,"E2100-0015T2E1: Closed-loop Vector Control, VFD, 2HP,1.5KW",322.22,In stock
C1-007HFU2,"C1-007HFU2: Constant Torque, Sensorless Vector, Hitachi 1HP",294.60,In stock
ODE-3-120043-301A,"Non Switched, Constant Torque, Sensorless Vector Invertek 1 HP, 0.75kW",374.40,In stock
ODE-3-120043-1F1A,"Non-Switched, Constant Torque, Sensorless Vector Invertek 1 HP, 0.75kW",374.40,In stock
E600-0055T3Q2,"E600-0055T3Q2: Variable Torque, VFD, 7.5HP,5.5KW",337.56,In stock
ODE-3-220070-1F42,"ODE-3-220070-1F42, 2 HP, 230V Phase Converter",381.60,In stock
DRM150,"DRM150: Din Rail Mountable, 1.5 HP, Analog, DC Motor Control",308.00,In stock
DRM150-1,"DRM150-1: Din Rail Mountable, 3/4 HP, Analog, DC Motor Control",308.00,In stock
ODE-3-210058-1042,"ODE-3-210058-1042, 1.5 HP, 5.8 Amp, 110-115V AC INPUT, 230V AC Output",388.80,In stock
C1-015LFU2,"C1-015LFU2: Constant Torque, Sensorless Vector, Hitachi 2HP",312.60,In stock
C1-015SFU2,"C1-015SFU2: Constant Torque, Sensorless Vector, Hitachi 2HP",312.60,In stock
E2100-0022T2E2,"E2100-0022T2E2: Closed-loop Vector Control, VFD, 3HP,2.2KW",348.18,In stock
C1-015HFU2,"C1-015HFU2: Constant Torque, Sensorless Vector, Hitachi 2HP",315.60,In stock
ODE-3-220070-3F42,"ODE-3-220070-3F42, 2 HP, 230V VFD, W/ EMC Filter",398.40,In stock
DRM025i,"DRM025i: Din Rail Mountable, Isolated, 1/4 HP, Analog, DC Motor",320.00,In stock
NES1-015LB,"NES1-015LB: Variable Torque Hitachi 2 HP, 1.5 kW, VFD",335.00,In stock
E2100-0015S1E4,"E2100-0015S1E4: Closed-loop Vector Control, VFD, 2HP,1.5KW",363.23,In stock
ODE-3-240041-3F42,"ODE-3-240041-3F42, 2 HP, 460V VFD, W/ EMC Filter",408.00,2-4 weeks
OC2-100,"OC2-100: 1 HP, Analog, DC Motor Control",380.00,3-5 days
OC2-50,"OC2-50: 1/2 HP, Analog, DC Motor Control",380.00,3-5 days
OC2-75,"OC2-75: 3/4 HP, Analog, DC Motor Control",380.00,3-5 days
DRM050i-1,"DRM050i-1: Din Rail Mountable, Isolated, 1/4 HP, Analog, DC Moto",330.00,In stock
OC2-76,"OC2-76: 3/4 HP, Analog, DC Motor Control",385.00,3-5 days
OC2-101,"OC2-101: 1 HP, Analog, DC Motor Control",385.00,3-5 days
OC2-26,"OC2-26: 1/4 HP, Analog, DC Motor Control",385.00,3-5 days
OC2-51,"OC2-51: 1/2 HP, Analog, DC Motor Control",385.00,3-5 days
DRM050i,"DRM050i: Din Rail Mountable, Isolated, 1/2 HP, Analog, DC Motor",335.00,In stock
ODE-3-220105-3F42,"ODE-3-220105-3F42, 3 HP, 230V VFD, W/ EMC Filter",422.40,In stock
ODE-3-220105-1F42,"ODE-3-220105-1F42, 3 HP, 230V Phase Converter,W/ EMC Filter",422.40,In stock
NES1-015HB,"NES1-015HB: Variable Torque Hitachi 2 HP, 1.5 kW, VFD",355.00,In stock
E2100-0030T3E2,"E2100-0030T3E2: Closed-loop Vector Control, VFD, 4HP,3KW",384.21,In stock
DRM200,"DRM200: Din Rail Mountable, 2 HP, Analog, DC Motor Control",349.00,In stock
DRM200-1,"DRM200-1: Din Rail Mountable, 1 HP, Analog, DC Motor Control",349.00,In stock
ODE-3-120023-301B,"Switched, Constant Torque, Sensorless Vector Invertek 0.5 HP, 0.37kW",436.80,In stock
ODE-3-240058-3F42,"ODE-3-240058-3F42, 3 HP, 460V VFD, W/ EMC Filter",436.80,In stock
ODE-3-110043-101A,"1 HP, 4.3 Amp, 110-115V input, 230V AC 3 Phase output.",439.20,2-4 weeks
E2100-0030T2E2,"E2100-0030T2E2: Closed-loop Vector Control, VFD, 4HP,3KW",392.72,In stock
ODE-3-120070-1F1A,"Non-Switched, Constant Torque, Sensorless Vector Invertek 2 HP, 1.5kW",441.60,In stock
E2100-0022S1E4,"E2100-0022S1E4: Closed-loop Vector Control, VFD, 3HP,2.2KW",394.38,In stock
ODE-3-140022-3F1A,"Non Switched, Constant Torque, Sensorless Vector Invertek 1 HP, 0.75kW",446.40,In stock
NES1-022LB,"NES1-022LB: Variable Torque Hitachi 3 HP, 2.2 kW, VFD",359.00,In stock
P1-00044-LFUF,"P1-00044-LFUF: Constant Torque Hitachi 1/2 HP, .4 kW, VFD",467.40,In stock
ODE-3-120043-301B,"Switched, Constant Torque, Sensorless Vector Invertek 1 HP, 0.75kW",453.60,In stock
DRM075i,"DRM075i: Din Rail Mountable, Isolated, 3/4 HP, Analog, DC Motor",368.00,In stock
C1-022HFU2,"C1-022HFU2: Constant Torque, Sensorless Vector, Hitachi 3HP",369.60,In stock
WJ200-022SF,"WJ200-022SF: Constant Torque, Sensorless Vector, Single Phase In",372.60,In stock
C1-022LFU2,"C1-022LFU2: Constant Torque, Sensorless Vector, Hitachi 3HP",372.60,In stock
C1-022SFU2,"C1-022SFU2: Constant Torque, Sensorless Vector, Hitachi 3HP",372.60,In stock
NES1-040HB,"NES1-040HB: Variable Torque Hitachi 5 HP, 4.0 kW, VFD",492.00,In stock
OC2-25,"OC2-25: 1/4 HP, Analog, DC Motor Control",380.00,3-5 days
ODE-3-120023-1F1B,"Switched, Constant Torque, Sensorless Vector Invertek 0.5 HP, 0.37kW",475.20,In stock
OC2-150,"OC2-151: 1.5 HP, Analog, DC Motor Control",385.00,3-5 days
ODE-3-320180-3F42,"ODE-3-320180-3F42, 5 HP, 230V VFD, W/ EMC Filter",480.00,In stock
OC2-200,"OC2-200: 2 HP, Analog, DC Motor Control",385.00,3-5 days
P1-00080-LFUF,"P1-00080-LFUF: Constant Torque Hitachi 1 HP, .75 kW, VFD",486.60,In stock
DRM100i,"DRM100i: Din Rail Mountable, Isolated, 1 HP, Analog, DC Motor Co",395.00,In stock
DRM100i-1,"DRM100i-1: Din Rail Mountable, Isolated, 1/2 HP, Analog, DC Moto",395.00,In stock
E2100-0040T3E2,"E2100-0040T3E2: Closed-loop Vector Control, VFD, 5HP,4KW",439.22,In stock
NES1-022HB,"NES1-022HB: Variable Torque Hitachi 3 HP, 2.2 kW, VFD",400.00,In stock
ODE-3-120043-1F1B,"Switched, Constant Torque, Sensorless Vector Invertek 1 HP, 0.75kW",508.80,In stock
EM30-0004T2J1U5,"EM30-0004T2J1U5: V/F Control, Sensorless Vector, VFD, 0.5HP,0.4KW",461.46,In stock
EM30-0007T2J1U5,"EM30-0007T2J1U5: V/F Control, Sensorless Vector, VFD, 1HP,0.75KW",461.46,In stock
E2100-0040T2E4,"E2100-0040T2E4: Closed-loop Vector Control, VFD, 5HP,4KW",465.27,In stock
WJ200-030HF,"WJ200-030HF: Constant Torque, Sensorless Vector Hitachi 4 HP,3.0kW",455.00,In stock
C1-037LFU2,"C1-037LFU2: Constant Torque, Sensorless Vector, Hitachi 5HP",421.20,In stock
ODE-3-220070-3F4A,"Non Switched, Constant Torque, Sensorless Vector Invertek 2 HP, 1.5kW",528.00,In stock
EM30-0004S2J1U5,"EM30-0004S2J1U5: V/F Control, Sensorless Vector, VFD, 0.5HP,0.4KW",470.67,In stock
EM30-0007S2J1U5,"EM30-0007S2J1U5: V/F Control, Sensorless Vector, VFD, 1HP,0.75KW",470.67,In stock
ODE-3-240095-3F42,"ODE-3-240095-3F42, 5 HP, 460V VFD, W/ EMC Filter",494.40,2-4 weeks
ODE-3-120070-301B,"Switched, Constant Torque, Sensorless Vector Invertek 2 HP, 1.5kW",535.20,In stock
EM30-0015T2J1U5,"EM30-0015T2J1U5: V/F Control, Sensorless Vector, VFD, 2HP,1.5KW",482.45,In stock
ODE-3-110043-101B,"1 HP, 4.3 Amp, 110-115V input, 230V AC 3 Phase output.",549.60,In stock
P1-00104-LFUF,"P1-00104-LFUF: Constant Torque Hitachi 2 HP, 1.5 kW, VFD",569.40,In stock
EM30-0015S2J1U5,"EM30-0015S2J1U5: V/F Control, Sensorless Vector, VFD, 2HP,1.5KW",493.37,In stock
OC2i-100,"OC2i-100: 1 HP, Isolated, Analog, DC Motor Control",625.00,3-5 days
OC2i-25,"OC2-25i: 1/4 HP, Analog, DC Motor Control",625.00,3-5 days
OC2i-50,"OC2i-50: 1/2 HP, Analog, DC Motor Control",625.00,3-5 days
OC2i-75,"OC2-75i: 3/4 HP, Analog, DC Motor Control",625.00,3-5 days
OC2r-100,"OC2r-100: 1 HP, Reversing, Analog, DC Motor Control",630.00,3-5 days
OC2r-25,"OC2r-25: 1/4 HP, Reversing, Analog, DC Motor Control",630.00,3-5 days
OC2r-50,"OC2r-50: 1/2 HP, Reversing, Analog, DC Motor Control",630.00,3-5 days
OC2r-75,"OC2r-75: 3/4 HP, Reversing, Analog, DC Motor Control",630.00,3-5 days
C1-030HFU2,"C1-030HFU2: Constant Torque, Sensorless Vector, Hitachi 4HP",450.60,In stock
EM30-0022T2J1U5,"EM30-0022T2J1U5: V/F Control, Sensorless Vector, VFD, 3HP,2.2KW",503.93,In stock
ODE-3-220105-3F4A,"Non Switched, Constant Torque, Sensorless Vector Invertek 3 HP, 2.2kW",571.20,In stock
ODE-3-220105-1F4A,"Non-Switched, Constant Torque, Sensorless Vector Invertek 3 HP, 2.2kW",571.20,In stock
ODE-3-210058-104A,"1.5 HP, 5.8 Amp, 110-115V AC INPUT, 230V AC Output, Nema 4x",576.00,In stock
ODE-3-140022-3F1B,"Switched, Constant Torque, Sensorless Vector Invertek 1 HP, 0.75kW",576.00,In stock
DRM200i,"DRM200i: Din Rail Mountable, Isolated, 2 HP, Analog, DC Motor Co",465.00,In stock
DRM200i-1,"DRM200i-1: Din Rail Mountable, Isolated, 1 HP, Analog, DC Motor",465.00,In stock
ODE-3-120070-1F1B,"Switched, Constant Torque, Sensorless Vector Invertek 2 HP, 1.50kW",580.80,2-4 weeks
EM30-0022S2J1U5,"EM30-0022S2J1U5: V/F Control, Sensorless Vector, VFD, 3HP,2.2KW",521.31,In stock
OC2r-76,"OC2r-76: 3/4 HP, Reversing, Analog, DC Motor Control",635.00,3-5 days
OC2i-101,"OC2i-101: 1 HP, Analog, DC Motor Control",630.00,3-5 days
OC2i-26,"OC2i-26: 1/4 HP, Analog, DC Motor Control",630.00,3-5 days
OC2i-51,"OC2i-51: 1/2 HP, Analog, DC Motor Control",630.00,3-5 days
OC2i-76,"OC2-76i: 3/4 HP, Analog, DC Motor Control",630.00,3-5 days
OC2r-101,"OC2r-101: 1 HP, Reversing, Analog, DC Motor Control",635.00,3-5 days
OC2r-26,"OC2r-26: 1/4 HP, Reversing, Analog, DC Motor Control",635.00,3-5 days
OC2r-51,"OC2r-51: 1/2 HP, Reversing, Analog, DC Motor Control",635.00,3-5 days
EM30-0007T3J1U5,"EM30-0007T3J1U5: V/F Control, Sensorless Vector, VFD, 1HP,0.75KW",528.51,In stock
ODE-3-240041-3F4A,"Non Switched, Constant Torque, Sensorless Vector Invertek 2 HP, 1.5kW",595.20,In stock
ODE-3-240058-3F4A,"Non Switched, Constant Torque, Sensorless Vector Invertek 3 HP, 2.2kW",600.00,In stock
EM30-0030T2J1U5,"EM30-0030T2J1U5: V/F Control, Sensorless Vector, VFD, 4HP,3KW",535.64,In stock
E2100-0055T3E4,"E2100-0055T3E4: Closed-loop Vector Control, VFD, 8HP,5.5KW",541.61,In stock
ODE-3-220070-3F4B,"Switched, Constant Torque, Sensorless Vector Invertek 2 HP, 1.5kW",614.40,2-4 weeks
EM30-0015T3J1U5,"EM30-0015T3J1U5: V/F Control, Sensorless Vector, VFD, 2HP,1.5KW",548.28,In stock
WJ200-040HF,"WJ200-040HF: Constant Torque, Sensorless Vector Hitachi 5 HP, 4kW",493.80,In stock
C1-040HFU2,"C1-040HFU2: Constant Torque, Sensorless Vector, Hitachi 5HP",493.80,In stock
ODP-2-22010-1HF42-MN,ODP-2-22010-1HF42-MN: Constant Torque 1HP 0.75kW VFD,571.20,2-4 weeks
ODE-3-320240-3F42,"ODE-3-320240-3F42, 7.5 HP, 230V VFD,W/ EMC Filter",628.80,In stock
ODE-3-340140-3F42,"ODE-3-340140-3F42, 7.5 HP, 460V VFD, W/ EMC Filter",628.80,In stock
OC2-300,"OC2-300: 3 HP, Analog, DC Motor Control",506.00,3-5 days
ODP-2-22020-1HF42-MN,ODP-2-22020-1HF42-MN: Constant Torque 2HP 1.5kW VFD,588.96,2-4 weeks
EP66-0004S2I1U5,"EP66-0004S2I1U5: Constant Torque, Sensorless Vector, VFD, 0.5HP,0.4KW",569.03,In stock
ODP-2-24010-3HF42-MN,ODP-2-24010-3HF42-MN: Constant Torque 1HP 0.75kW VFD,593.28,In stock
EP66-0004T2I1U5,"EP66-0004T2I1U5: Constant Torque, Sensorless Vector, VFD, 0.5HP,0.4KW",574.62,In stock
EP66-0007T2I1U5,"EP66-0007T2I1U5: Constant Torque, Sensorless Vector, VFD, 1HP,0.75KW",575.27,In stock
EP66-0007S2I1U5,"EP66-0007S2I1U5: Constant Torque, Sensorless Vector, VFD, 1HP,0.75KW",577.58,In stock
EM30-0022T3J1U5,"EM30-0022T3J1U5: V/F Control, Sensorless Vector, VFD, 3HP,2.2KW",578.28,In stock
P1-00156-LFUF,"P1-00156-LFUF: Constant Torque Hitachi 3 HP, 2.2 kW, VFD",642.60,In stock
E2100-0075T3E4,"E2100-0075T3E4: Closed-loop Vector Control, VFD, 10HP,8KW",593.18,In stock
P1-00041-HFUF,"P1-00041-HFUF: Constant Torque Hitachi 1 HP, .75 kW, VFD",667.80,In stock
E2100-0055T2E5,"E2100-0055T2E5: Closed-loop Vector Control, VFD, 8HP,5.5KW",602.84,In stock
ODE-3-210058-104B,"1.5 HP, 5.8 Amp, 110-115V AC INPUT, 230V AC Output, Nema 4X",681.60,2-4 weeks
ODP-2-24020-3HF42-MN,ODP-2-24020-3HF42-MN: Constant Torque 2HP 1.5kW VFD,641.28,In stock
ODP-2-22010-3HF42-MN,ODP-2-22010-3HF42-MN: Constant Torque 1HP 0.75kW VFD,641.28,In stock
ODP-2-22030-1HF42-MN,ODP-2-22030-1HF42-MN: Constant Torque 3HP 2.2kW VFD,645.60,2-4 weeks
EM30-0030T3J1U5,"EM30-0030T3J1U5: V/F Control, Sensorless Vector, VFD, 4HP,3KW",623.66,In stock
ODE-3-240041-3F4B,"Switched, Constant Torque, Sensorless Vector Invertek 2 HP, 1.5kW",705.60,In stock
EP66-0004T3I1U5,"EP66-0004T3I1U5: Constant Torque, Sensorless Vector, VFD, 0.5HP,0.4KW",628.89,In stock
ODE-3-320180-3F4A,"Non Switched, Constant Torque, Sensorless Vector Invertek 5 HP, 4kW",710.40,In stock
ODE-3-220105-3F4B,"Switched, Constant Torque, Sensorless Vector Invertek 3 HP, 2.2kW",710.40,In stock
ODP-2-22020-3HF42-MN,ODP-2-22020-3HF42-MN: Constant Torque 2HP 1.5kW VFD,658.56,In stock
ODP-2-24030-3HF42-MN,ODP-2-24030-3HF42-MN: Constant Torque 3HP 2.2kW VFD,659.04,In stock
EP66-0015S2I1U5,"EP66-0015S2I1U5: Constant Torque, Sensorless Vector, VFD, 2HP,1.5KW",642.47,In stock
ODE-3-320153-1042,"ODE-3-320153-1042, 5 HP, 230V Phase Converter",724.80,In stock
EP66-0015T2I1U5,"EP66-0015T2I1U5: Constant Torque, Sensorless Vector, VFD, 2HP,1.5KW",648.60,In stock
ODE-3-220105-1F4B,"Switched, Constant Torque, Sensorless Vector Invertek 3 HP, 2.2kW",729.60,In stock
ODE-3-240058-3F4B,"Switched, Constant Torque, Sensorless Vector Invertek 3 HP, 2.2kW",744.00,In stock
DRM025iR,"DRM025iR: Din Rail Mountable, Isolated, Regenerative 1/4 HP, Analog",599.00,2-4 weeks
EM30-0040T3J1U5,"EM30-0040T3J1U5: V/F Control, Sensorless Vector, VFD, 5HP,4KW",668.93,In stock
ODE-3-240095-3F4A,"Non Switched, Constant Torque, Sensorless Vector Invertek 5 HP, 4kW",753.60,In stock
WJ200-055LF,"WJ200-055LF: Constant Torque, Sensorless Vector Hitachi 7.5 HP, 5.5kW",622.80,In stock
EP66-0022S2I1U5,"EP66-0022S2I1U5: Constant Torque, Sensorless Vector, VFD, 3HP,2.2KW",686.10,In stock
EP66-0007T3I1U5,"EP66-0007T3I1U5: Constant Torque, Sensorless Vector, VFD, 1HP,0.75KW",691.50,In stock
C1-055LFU2,"C1-055LFU2: Constant Torque, Sensorless Vector, Hitachi 7.5HP",622.80,In stock
OC2-500,"OC2-500: 5 HP, Analog, DC Motor Control",720.00,3-5 days
ODE-3-340180-3F42,"ODE-3-340180-3F42, 10 HP, 460V VFD, W/ EMC Filter",777.60,In stock
EP66-0022T2I1U5,"EP66-0022T2I1U5: Constant Torque, Sensorless Vector, VFD, 3HP,2.2KW",706.71,In stock
DRM050iR,"DRM050iR: Din Rail Mountable, Isolated, Regenerative 1/2 HP, Ana",648.00,In stock
DRM050iR-1,"DRM050iR-1: Din Rail Mountable, Isolated, Regenerative 1/4 HP, A",648.00,In stock
EP66-0015T3I1U5,"EP66-0015T3I1U5: Constant Torque, Sensorless Vector, VFD, 2HP,1.5KW",724.68,In stock
P1-00054-HFUF,"P1-00054-HFUF: Constant Torque Hitachi 2 HP, 1.5 kW, VFD",687.00,In stock
WJ200-075HF,"WJ200-075HF: Constant Torque, Sensorless Vector Hitachi 10 HP, 7.5kW",761.40,In stock
WJ200-055HF,"WJ200-055HF: Constant Torque, Sensorless Vector Hitachi 7.5 HP, 5.5kW",677.40,In stock
C1-055HFU2,"C1-055HFU2: Constant Torque, Sensorless Vector, Hitachi 7.5HP",677.40,In stock
E2100-0110T3E5,"E2100-0110T3E5: Closed-loop Vector Control, VFD, 15HP,11KW",769.22,In stock
ODP-2-24050-3HF42-MN,ODP-2-24050-3HF42-MN: Constant Torque 5HP 4kW VFD,803.04,In stock
ODP-2-22030-3HF42-MN,ODP-2-22030-3HF42-MN: Constant Torque 3HP 2.2kW VFD,803.04,In stock
EP66-0022T3I1U5,"EP66-0022T3I1U5: Constant Torque, Sensorless Vector, VFD, 3HP,2.2KW",791.46,In stock
ODE-3-320180-3F4B,"Switched, Constant Torque, Sensorless Vector Invertek 5 HP, 4kW",892.80,In stock
DRM075iR,"DRM075iR: Din Rail Mountable, Isolated, Regenerative 3/4 HP, Ana",718.00,In stock
WJ200-075LF,"WJ200-075LF: Constant Torque, Sensorless Vector Hitachi 10 HP, 7.5kW",751.80,In stock
DRM100iR,"DRM100iR: Din Rail Mountable, Isolated, Regenerative 1 HP, Analo",738.00,In stock
DRM100iR-1,"DRM100iR-1: Din Rail Mountable, Isolated, Regenerative 1/2 HP, A",738.00,In stock
EP66-0030T3I1U5,"EP66-0030T3I1U5: Constant Torque, Sensorless Vector, VFD, 4HP,3KW",826.31,In stock
E2100-0150T3E5,"E2100-0150T3E5: Closed-loop Vector Control, VFD, 20HP,15KW",829.68,In stock
ODE-3-240095-3F4B,"Switched, Constant Torque, Sensorless Vector Invertek 5 HP, 4kW",931.20,In stock
C1-075LFU2,"C1-075LFU2: Constant Torque, Sensorless Vector, Hitachi 10HP",751.80,In stock
ODE-3-340140-3F4A,"Non Switched, Constant Torque, Sensorless Vector Invertek 7.5 HP, 5.5kW",940.80,In stock
ODP-2-24050-3HF42-MN,ODP-2-24050-3HF42-MN,803.04,In stock
C1-075HFU2,"C1-075HFU2: Constant Torque, Sensorless Vector, Hitachi 10HP",761.40,In stock
E2100-0075T2E6,"E2100-0075T2E6: Closed-loop Vector Control, VFD, 10HP,7.5KW",847.41,In stock
ODE-3-340240-3F42,"ODE-3-340240-3F42, 15 HP, 460V VFD, W/ EMC Filter",957.60,In stock
ODE-3-320240-3F4A,"Non Switched, Constant Torque, Sensorless Vector Invertek 7.5 HP, 5.5kW",960.00,In stock
DRM150iR-1,"DRM150iR-1: Din Rail Mountable, Isolated, Regenerative 3/4 HP, A",770.00,In stock
P1-00460-LFUF,"P1-00460-LFUF: Constant Torque Hitachi 10 HP, 7.5 kW, VFD",817.20,In stock
P1-00250-HFUF,"P1-00250-HFUF: Constant Torque Hitachi 10 HP, 7.5 kW, VFD",839.40,In stock
P1-00175-HFUF,"P1-00175-HFUF: Constant Torque Hitachi 7.5 HP, 5.5 kW, VFD",811.20,In stock
C1-110LFU2,"C1-110LFU2: Constant Torque, Sensorless Vector, Hitachi 15HP",822.00,In stock
E2100-0110T2E6,"E2100-0110T2E6: Closed-loop Vector Control, VFD, 15HP,11KW",918.66,In stock
DRM200iR,"DRM200iR: Din Rail Mountable, Isolated, Regenerative 2 HP, Analo",849.00,In stock
DRM200iR-1,"DRM200iR-1: Din Rail Mountable, Isolated, Regenerative 1 HP, Ana",849.00,In stock
ODE-3-420300-3F42,"ODE-3-420300-3F42, 10 HP, 230V VFD, W/ EMC Filter","1,065.60",In stock
EP66-0040T3I1U5,"EP66-0040T3I1U5: Constant Torque, Sensorless Vector, VFD, 5.25HP,4KW",968.93,In stock
ODE-3-320153-1F4A,"Non-Switched, Constant Torque, Sensorless Vector Invertek 5 HP, 4kW","1,010.40",In stock
P1-00310-HFUF,"P1-00310-HFUF: Constant Torque Hitachi 15 HP, 11 kW, VFD",938.40,In stock
ODE-3-340180-3F4A,"Non Switched, Constant Torque, Sensorless Vector Invertek 10 HP, 7.5kW","1,123.20",In stock
ODE-3-340140-3F4B,"Switched, Constant Torque, Sensorless Vector Invertek 7.5 HP, 5.5kW","1,123.20",In stock
P1-00600-LFUF,"P1-00600-LFUF: Constant Torque Hitachi 15 HP, 11 kW, VFD",906.60,In stock
ODE-3-320240-3F4B,"Switched, Constant Torque, Sensorless Vector Invertek 7.5 HP, 5.5kW","1,147.20",In stock
EP66-0055T3I2U5,"EP66-0055T3I2U5: Constant Torque, Sensorless Vector, VFD, 7.5HP,5.5KW","1,029.08",In stock
C1-110HFU2,"C1-110HFU2: Constant Torque, Sensorless Vector, Hitachi 15HP",941.40,In stock
ODE-3-420300-3F4A,"Non Switched, Constant Torque, Sensorless Vector Invertek 10 HP, 7.5kW","1,204.80",In stock
ODE-3-420460-3F42,"ODE-3-420460-3F42, 15 HP, 230V VFD, W/ EMC Filter","1,224.00",In stock
PRD2-200,"PRD2-200: 2 HP, Regenerative Analog, DC Motor Control","1,030.00",2-4 weeks
ODE-3-340180-3F4B,"Switched, Constant Torque, Sensorless Vector Invertek 10 HP, 7.5kW","1,310.40",In stock
ODE-3-320153-1F4B,"Switched, Constant Torque, Sensorless Vector Invertek 5 HP, 4kW","1,255.20",In stock
ODP-2-34100-3HF42-MN,ODP-2-34100-3HF42-MN: Constant Torque 10HP 7.5kW VFD,"1,263.36",In stock
ODP-2-32050-3HF42-MN,ODP-2-32050-3HF42-MN: Constant Torque 5HP 2.2kW VFD,"1,265.28",In stock
ODE-3-420300-3F4B,"Switched, Constant Torque, Sensorless Vector Invertek 10 HP, 7.5kW","1,392.00",In stock
ODP-2-34075-3HF42-MN,ODP-2-34075-3HF42-MN: Constant Torque 7.5HP 5.5kW VFD,"1,125.60",In stock
C1-150LFU2,"C1-150LFU2: Constant Torque, Sensorless Vector, Hitachi 20HP","1,168.80",In stock
WJ200-150LF,"WJ200-150LF: Constant Torque, Sensorless Vector Hitachi 20 HP, 15kW","1,168.80",In stock
WJ200-150HF,"WJ200-150HF: Constant Torque, Sensorless Vector Hitachi 20 HP, 15kW","1,218.60",In stock
ODP-2-34150-3HF42-MN,ODP-2-34150-3HF42-MN: Constant Torque 15HP 11kW VFD,"1,376.64",In stock
ODP-2-32075-3HF42-MN,ODP-2-32075-3HF42-MN: Constant Torque 7.5HP 5.5kW VFD,"1,383.36",In stock
P1-00400-HFUF,"P1-00400-HFUF: Constant Torque Hitachi 20 HP, 15 kW, VFD","1,284.60",In stock
C1-150HFU2,"C1-150HFU2: Constant Torque, Sensorless Vector, Hitachi 20HP","1,218.60",In stock
ODE-3-440300-3F42,"ODE-3-440300-3F42, 20 HP, 460V VFD, W/ EMC Filter","1,536.00",In stock
ODE-420240-104A,"Non Switched, Constant Torque, Sensorless Vector Invertek 7.5 HP, 5.5kW Single Phase...","1,331.20",2-4 weeks
ODE-3-340240-3F4A,"Non Switched, Constant Torque, Sensorless Vector Invertek 15 HP, 11kW","1,689.60",In stock
P1-00800-LFUF,"P1-00800-LFUF: Constant Torque Hitachi 20 HP, 15 kW, VFD","1,367.40",In stock
P1-00470-HFUF,"P1-00470-HFUF: Constant Torque Hitachi 25 HP, 18.5 kW, VFD","1,389.60",In stock
ODE-3-420460-3F4A,"Non Switched, Constant Torque, Sensorless Vector Invertek 15 HP, 11kW","1,737.60",In stock
ODP-2-44150-3HF4N-MN,"ODP-2-44150-3HF4N-MN: NEMA 12, Constant Torque, 15 HP, 11 kW, VF","1,745.47",In stock
ODE-3-340240-3F4B,"Switched, Constant Torque, Sensorless Vector Invertek 15 HP, 11kW","1,800.00",In stock
P1-00620-HFUF,"P1-00620-HFUF: Constant Torque Hitachi 30 HP, 22 kW, VFD","1,447.20",In stock
ODE-3-440390-3F42,"ODE-3-440390-3F42, 25 HP, 460V VFD, W/ EMC Filter","1,852.80",In stock
ODE-3-520610-3F42,"ODE-3-520610-3F42, 20 HP, 230V VFD, W/ EMC Filter","1,800.00",In stock
ODP-2-42100-3HF42-MN,ODP-2-42100-3HF42-MN: Constant Torque 10HP 5.5kW VFD,"1,749.60",In stock
ODP-2-44200-3HF42-MN,ODP-2-44200-3HF42-MN: Constant Torque 20HP 15kW VFD,"1,758.72",In stock
P1-00930-LFUF,"P1-00930-LFUF: Constant Torque Hitachi 25 HP, 18.5 kW, VFD","1,558.20",In stock
ODE-3-420240-104B,"Switched, Constant Torque, Sensorless Vector Invertek 7.5 HP, 5.5kW Single Phase input","1,824.00",In stock
ODE-3-420300-104A,"Non Switched, Constant Torque, Sensorless Vector Invertek 10 HP, 7.5kW Single Phase...","1,848.00",In stock
ODP-2-42150-3HF42-MN,ODP-2-42150-3HF42-MN: Constant Torque 15HP 7.5kW VFD,"1,893.60",In stock
ODP-2-44250-3HF42-MN,ODP-2-44250-3HF42-MN: Constant Torque 25HP 18.5kW VFD,"1,900.32",In stock
ODE-3-440460-3F42,"ODE-3-440460-3F42, 30 HP, 460V VFD, W/ EMC Filter","2,068.80",In stock
ODE-3-440300-3F4A,"Non Switched, Constant Torque, Sensorless Vector Invertek 20 HP, 15kW","2,073.60",In stock
ODE-3-520720-3F42,"ODE-3-520720-3F42, 25 HP, 230V VFD, W/ EMC Filter","1,920.00",2-4 weeks
ODP-2-44250-3HF4N-MN,"ODP-2-44250-3HF4N-MN: NEMA 12, Constant Torque, 25 HP, 18.5 kW,","2,090.20",In stock
ODP-2-44200-3HF4N-MN,"ODP-2-44200-3HF4N-MN: NEMA 12, Constant Torque, 20 HP, 15 kW, VF","1,939.66",In stock
ODE-3-420460-3F4B,"Switched, Constant Torque, Sensorless Vector Invertek 15 HP, 11kW","2,131.20",In stock
ODP-2-44300-3HF42-MN,ODP-2-44300-3HF42-MN: Constant Torque 30HP 22kW VFD,"2,044.38",In stock
ODP-2-44300-3HF4N-MN,"ODP-2-44300-3HF4N-MN: NEMA 12, Constant Torque, 30 HP, 22 kW, VF","2,256.02",2-4 weeks
ODE-3-420300-104B,"Switched, Constant Torque, Sensorless Vector Invertek 10 HP, 7.5kW Single Phase input","2,088.00",In stock
ODP-2-42150-3HF4N-MN,"ODP-2-42150-3HF4N-MN: NEMA 12, Constant Torque, 15 HP, 11 kW, VF","2,120.75",2-4 weeks
ODE-3-440300-3F4B,"Switched, Constant Torque, Sensorless Vector Invertek 20 HP, 15kW","2,308.80",In stock
P1-01240-LFUF,"P1-01240-LFUF: Constant Torque Hitachi 30 HP, 22 kW, VFD","1,892.40",In stock
ODE-3-440390-3F4A,"Non Switched, Constant Torque, Sensorless Vector Invertek 25 HP, 18.5kW","2,433.60",In stock
D2Q1-50-1,"D2Q1-50-1: Non Regenerative3 HP, Digital 230V DC Drive","1,987.00",In stock
D2Q1-50,"D2Q1-50: Non Regenerative 5 HP, Digital 460V DC Drive","1,987.00",In stock
ODE-3-540610-3F42,"ODE-3-540610-3F42, 40 HP, 460V VFD, W/ EMC Filter","2,304.00",In stock
D2Q1-100-1,"D2Q1-100-1: Non Regenerative 5 HP, Digital 230V DC Drive","2,000.00",In stock
D2Q1-150-1,"D2Q1-150-1: Non Regenerative 7.5 HP, Digital 230V DC Drive","2,190.00",In stock
D2Q1-100,"D2Q1-100: Non Regenerative 10 HP, Digital 460V DC Drive","2,000.00",In stock
D2Q1-150,"D2Q1-150: Non Regenerative 15 HP, Digital 460V DC Drive","2,190.00",In stock
D4Q1-150,"D4Q1-150: Regenerative 15 HP, Digital 460V DC Drive","2,190.00",In stock
BHP-30,"BHP-30: Non Regenerative 3 HP, 13 Amps, Analog 230V DC Drive","2,337.00",In stock
BHP-50,"BHP-50: Non Regenerative 5 HP, 18 Amps, Analog 230V DC Drive","2,337.00",In stock
BHP-75,"BHP-75: Non Regenerative 7.5 HP, 28 Amps, Analog 230V DC Drive","2,337.00",In stock
BHP-100,"BHP-100: Non Regenerative 10 HP, 37 Amps, Analog 230V DC Drive","2,337.00",In stock
D4Q1-50,"D4Q1-50: Regenerative 5 HP, Digital 460V DC Drive","2,046.00",In stock
D4Q1-50-1,"D4Q1-50-1: Regenerative3 HP, Digital 230V DC Drive","2,046.00",In stock
ODP-2-54040-3HF42-MN,"ODP-2-54040-3HF42-MN, IP20, Constant Torque, 40 HP, 61 A","2,631.30",In stock
ODE-3-440390-3F4B,"Switched, Constant Torque, Sensorless Vector Invertek 25 HP, 18.5kW","2,668.80",In stock
D4Q1-100,"D4Q1-100: Regenerative 10 HP, Digital 460V DC Drive","2,148.00",In stock
D4Q1-100-1,"D4Q1-100-1: Regenerative 5 HP, Digital 230V DC Drive","2,148.00",In stock
D4Q1-150-1,"D4Q1-150-1: Regenerative 7.5 HP, Digital 230V DC Drive","2,190.00",In stock
P1-00770-HFUF,"P1-00770-HFUF: Constant Torque Hitachi 40 HP, 30 kW, VFD","2,210.40",In stock
ODE-3-440460-3F4A,"Non Switched, Constant Torque, Sensorless Vector Invertek 30 HP, 22kW","2,788.80",In stock
D4Q1-200-1,"D4Q1-200-1: Regenerative 10 HP, Digital 230V DC Drive","2,375.00",In stock
D4Q1-200,"D4Q1-200: Regenerative 20 HP, Digital 460V DC Drive","2,375.00",In stock
ODP-2-52020-3HF42-MN,ODP-2-52020-3HF42-MN: Constant Torque 20HP 11kW VFD,"2,614.08",In stock
BHP-31,"BHP-31: Non Regenerative 3 HP, 6.5 Amps, Analog 460V DC Drive","2,605.00",In stock
BHP-51,"BHP-51: Non Regenerative 5 HP, 8.9 Amps, Analog 460V DC Drive","2,605.00",In stock
BHP-76,"BHP-76: Non Regenerative 7.5 HP, 13 Amps, Analog 460V DC Drive","2,605.00",In stock
BHP-101,"BHP-101: Non Regenerative 10 HP, 18 Amps, Analog 460V DC Drive","2,605.00",In stock
BHP-151,"BHP-151: Non Regenerative 15 HP, 26 Amps, Analog 460V DC Drive","2,605.00",In stock
BHP-201,"BHP-201: Non Regenerative 20 HP, 35 Amps, Analog 460V DC Drive","2,605.00",In stock
BHP-150,"BHP-150: Non Regenerative 15 HP, 53 Amps, Analog 230V DC Drive","2,623.00",In stock
ODP-2-52020-3HF4N-MN,"ODP-2-52020-3HF4N-MN: NEMA 12, Constant Torque, 20 HP, 15 kW, VF","2,884.39",2-4 weeks
ODP-2-54040-3HF4N-MN,"ODP-2-54040-3HF4N-MN: NEMA 12, Constant Torque, 40 HP, 30 kW, VF","2,886.57",In stock
D2Q1-200-1,"D2Q1-200-1: Non Regenerative 10 HP, Digital 230V DC Drive","2,325.00",In stock
D2Q1-200,"D2Q1-200: Non Regenerative 20 HP, Digital 460V DC Drive","2,325.00",In stock
P1-01530-LFUF,"P1-01530-LFUF: Constant Torque Hitachi 40 HP, 30 kW, VFD","2,541.00",In stock
ODE-3-440460-3F4B,"Switched, Constant Torque, Sensorless Vector Invertek 30 HP, 22kW","3,024.00",In stock
ODE-3-540720-3F42,"ODE-3-540720-3F42, 50 HP, 460V VFD, W/ EMC Filter","2,808.00",2-4 weeks
ODP-2-52025-3HF42-MN,ODP-2-52025-3HF42-MN: Constant Torque 25HP 18.5kW VFD,"2,836.32",In stock
BHP-301,"BHP-301: Non Regenerative 30 HP, 50 Amps, Analog 460V DC Drive","3,020.00",In stock
ODP-2-54050-3HF4N-MN,"ODP-2-54050-3HF4N-MN: NEMA 12, Constant Torque, 50 HP, 40 kW, VF","3,157.12",In stock
P1-00930-HFUF,"P1-00930-HFUF: Constant Torque Hitachi 50 HP, 37 kW, VFD","2,575.80",In stock
ODP-2-52025-3HF4N-MN,"ODP-2-52025-3HF4N-MN: NEMA 12, Constant Torque, 25 HP, 18.5 kW,","3,082.94",2-4 weeks
BHP-251,"BHP-251: Non Regenerative 25 HP, 43 Amps, Analog 460V DC Drive","2,605.00",In stock
BHP-401,"BHP-401: Non Regenerative 40 HP, 65 Amps, Analog 460V DC Drive","3,020.00",In stock
BHP-200,"BHP-200: Non Regenerative 20 HP, 70 Amps, Analog 230V DC Drive","2,755.00",2-4 weeks
D2Q1-400,"D2Q1-400: Non Regenerative 40 HP, Digital 460V DC Drive","2,900.00",In stock
D4Q1-600,"D4Q1-600: Regenerative 60 HP, Digital 460V DC Drive","2,900.00",In stock
D2Q1-500,"D2Q1-500: Non Regenerative 50 HP, Digital 460V DC Drive","2,900.00",In stock
D2Q1-600,"D2Q1-600: Non Regenerative 60 HP, Digital 460V DC Drive","2,900.00",In stock
D4Q1-300-1,"D4Q1-300-1: Regenerative 15 HP, Digital 230V DC Drive","2,900.00",In stock
D4Q1-400-1,"D4Q1-400-1: Regenerative 20 HP, Digital 230V DC Drive","2,900.00",In stock
D4Q1-250,"D4Q1-250: Regenerative 25 HP, Digital 460V DC Drive","2,900.00",In stock
D2Q1-300-1,"D2Q1-300-1: Non Regenerative 15 HP, Digital 230V DC Drive","2,900.00",In stock
D4Q1-500-1,"D4Q1-500-1: Regenerative 25 HP, Digital 230V DC Drive","2,900.00",In stock
D4Q1-300,"D4Q1-300: Regenerative 30 HP, Digital 460V DC Drive","2,900.00",In stock
D2Q1-400-1,"D2Q1-400-1: Non Regenerative 20 HP, Digital 230V DC Drive","2,900.00",In stock
D4Q1-600-1,"D4Q1-600-1: Regenerative 30 HP, Digital 230V DC Drive","2,900.00",In stock
D2Q1-250,"D2Q1-250: Non Regenerative 25 HP, Digital 460V DC Drive","2,900.00",In stock
D4Q1-400,"D4Q1-400: Regenerative 40 HP, Digital 460V DC Drive","2,900.00",In stock
D2Q1-500-1,"D2Q1-500-1: Non Regenerative 25 HP, Digital 230V DC Drive","2,900.00",In stock
D2Q1-300,"D2Q1-300: Non Regenerative 30 HP, Digital 460V DC Drive","2,900.00",In stock
D2Q1-600-1,"D2Q1-600-1: Non Regenerative 30 HP, Digital 230V DC Drive","2,900.00",In stock
D4Q1-500,"D4Q1-500: Regenerative 50 HP, Digital 460V DC Drive","2,900.00",In stock
D2Q1-750-1,"D2Q1-750-1: Non Regenerative 40 HP, Digital 230V DC Drive","2,990.00",In stock
D4Q1-750,"D4Q1-750: Regenerative 75 HP, Digital 460V DC Drive","2,990.00",2-4 weeks
D2Q1-750,"D2Q1-750: Non Regenerative 75 HP, Digital 460V DC Drive","2,990.00",2-4 weeks
D4Q1-750-1,"D4Q1-750-1: Regenerative 40 HP, Digital 230V DC Drive","2,990.00",2-4 weeks
P1-01850-LFUF,"P1-01850-LFUF: Constant Torque Hitachi 50 HP, 37 kW, VFD","3,052.80",In stock
P1-01160-HFUF,"P1-01160-HFUF: Constant Torque Hitachi 60 HP, 45 kW, VFD","3,065.40",In stock
ODP-2-64060-3HF42-MN,"ODP-2-64060-3HF42-MN, IP20, Constant Torque, 60HP, 90 A","4,032.04",In stock
ODP-2-62030-3HF42-MN,ODP-2-62030-3HF42-MN: Constant Torque 30HP 22kW VFD,"4,032.00",In stock
D2Q1-1000-1,"D2Q1-1000-1: Non Regenerative 50 HP, Digital 230V DC Drive","3,600.00",In stock
D4Q1-1000,"D4Q1-1000: Regenerative 100 HP, Digital 460V DC Drive","3,600.00",In stock
D2Q1-1000,"D2Q1-1000: Non Regenerative 100 HP, Digital 460V DC Drive","3,600.00",In stock
D4Q1-1000-1,"D4Q1-1000-1: Regenerative 50 HP, Digital 230V DC Drive","3,600.00",In stock
ODP-2-62030-3HF4N-MN,"ODP-2-62030-3HF4N-MN: NEMA 12, Constant Torque, 30 HP, 22 kW, VF","4,512.05",In stock
ODP-2-64060-3HF4N-MN,"ODP-2-64060-3HF4N-MN: NEMA 12, Constant Torque, 60 HP, 45 kW, VF","4,512.05",In stock
D4Q1-1250-1,"D4Q1-1250-1: Regenerative 60 HP, Digital 230V DC Drive","3,710.00",In stock
D2Q1-1250-1,"D2Q1-1250-1: Non Regenerative 60 HP, Digital 230V DC Drive","3,710.00",In stock
D4Q1-1250,"D4Q1-1250: Regenerative 125 HP, Digital 460V DC Drive","3,710.00",In stock
D2Q1-1250,"D2Q1-1250: Non Regenerative 125 HP, Digital 460V DC Drive","3,710.00",In stock
P1-02290-LFUF,"P1-02290-LFUF: Constant Torque Hitachi 60 HP, 45 kW, VFD","3,768.60",In stock
D4Q1-1500-1,"D4Q1-1500-1: Regenerative 75 HP, Digital 230V DC Drive","3,800.00",In stock
D2Q1-1500-1,"D2Q1-1500-1: Non Regenerative 75 HP, Digital 230V DC Drive","3,800.00",In stock
D4Q1-1500,"D4Q1-1500: Regenerative 150 HP, Digital 460V DC Drive","3,800.00",In stock
D2Q1-1500,"D2Q1-1500: Non Regenerative 150 HP, Digital 460V DC Drive","3,800.00",In stock
D4Q1-2000-1,"D4Q1-2000-1: Regenerative 100 HP, Digital 230V DC Drive","3,950.00",In stock
D2Q1-2000-1,"D2Q1-2000-1: Non Regenerative 100 HP, Digital 230V DC Drive","3,950.00",In stock
D4Q1-2000,"D4Q1-2000: Regenerative 200 HP, Digital 460V DC Drive","3,950.00",In stock
D2Q1-2000,"D2Q1-2000: Non Regenerative 200 HP, Digital 460V DC Drive","3,950.00",In stock
ODP-2-62040-3HF42-MN,ODP-2-62040-3HF42-MN: Constant Torque 40HP 30kW VFD,"4,839.36",In stock
ODP-2-62040-3HF4N-MN,"ODP-2-62040-3HF4N-MN: NEMA 12, Constant Torque, 40 HP, 30 kW, VF","5,413.15",In stock
ODP-2-64075-3HF4N-MN,"ODP-2-64075-3HF4N-MN: NEMA 12, Constant Torque, 75 HP, 55 kW, VF","5,413.15",In stock
ODP-2-64120-3HF42-MN,"ODP-2-64100-3HF42-MN, IP20, Constant Torque, 100 HP, 150 A","5,912.79",In stock
P1-01760-HFUF,"P1-01760-HFUF: Constant Torque Hitachi 100 HP, 75 kW, VFD","4,833.60",In stock
ODP-2-64075-3HF42-MN,"ODP-2-64075-3HF42-MN,Â IP20, Constant Torque, 75 HP, 110 A","4,839.32",In stock
ODP-2-62050-3HF42-MN,ODP-2-62050-3HF42-MN: Constant Torque 50HP 37kW VFD,"5,912.64",2-4 weeks
ODP-2-64120-3HF4N-MN,"ODP-2-64120-3HF4N-MN: NEMA 12, Constant Torque, 100 HP, 75 kW, V","6,617.52",In stock
ODP-2-62050-3HF4N-MN,"ODP-2-62050-3HF4N-MN: NEMA 12, Constant Torque, 50 HP, 40 kW, VF","6,617.52",2-4 weeks
ODP-2-62060-3HF42-MN,ODP-2-62060-3HF42-MN: Constant Torque 60HP 45kW VFD,"6,715.68",2-4 weeks
ODP-2-64150-3HF42-MN,"ODP-2-64150-3HF42-MN, IP20, Constant Torque, 150 HP, 180 A","6,715.70",In stock
ODP-2-64150-3HF4N-MN,"ODP-2-64150-3HF4N-MN: NEMA 12, Constant Torque, 150 HP, 110 kW,","7,518.62",In stock
ODP-2-62060-3HF4N-MN,"ODP-2-62060-3HF4N-MN: NEMA 12, Constant Torque, 60 HP, 45 kW, VF","7,518.62",2-4 weeks
D4Q1-2500-1,"D4Q1-2500-1: Regenerative 125 HP, Digital 230V DC Drive","6,759.00",In stock
D2Q1-2500-1,"D2Q1-2500-1: Non Regenerative 125 HP, Digital 230V DC Drive","6,759.00",In stock
D4Q1-2500,"D4Q1-2500: Regenerative 250 HP, Digital 460V DC Drive","6,759.00",In stock
D2Q1-2500,"D2Q1-2500: Non Regenerative 250 HP, Digital 460V DC Drive","6,759.00",In stock
ODP-2-64175-3HF42-MN,"ODP-2-64175-3HF42-MN, IP20, Constant Torque, 175 HP, 202 A","7,930.99",2-4 weeks
P1-02520-HFUF,"P1-02520-HFUF: Constant Torque Hitachi 150 HP, 110 kW, VFD","7,534.20",In stock
ODP-2-74175-3HF4N-MN,"ODP-2-74175-3HF4N-MN: NEMA 12, Constant Torque, 175HP, 132 kW, V","9,323.00",2-4 weeks
ODP-2-72075-3HF4N-MN,"ODP-2-72075-3HF4N-MN: NEMA 12, Constant Torque, 75 HP, 55 kW, VF","9,323.00",2-4 weeks
P1-03160-HFUF,"P1-03160-HFUF: Constant Torque Hitachi 175 HP, 132 kW, VFD","8,185.20",In stock
ODP-2-72100-3HF4N-MN,"ODP-2-72100-3HF4N-MN: NEMA 12, Constant Torque, 100 HP, 75 kW, V","10,826.29",2-4 weeks
ODP-2-74200-3HF4N-MN,"ODP-2-74200-3HF4N-MN: NEMA 12, Constant Torque, 200 HP, 150 kW,","10,826.29",2-4 weeks
ODP-2-74250-3HF4N-MN,"ODP-2-74250-3HF4N-MN: NEMA 12, Constant Torque, 250 HP, 185 kW,","12,015.39",2-4 weeks
OC1-26,"OC1-26: 1/4 HP, Analog, DC Motor Control",255.00,2-4 weeks
OC1-50,"OC1-50: 1/2 HP, Analog, DC Motor Control",245.00,2-4 weeks
S-101A,"S-101A: 1 HP, Analog, Enclosed DC Motor Control",255.00,Currently out of Stock
OC1-51,"OC1-51: 1/2 HP, Analog, DC Motor Control",255.00,2-4 weeks
OC1-75,"OC1-75: 3/4 HP, Analog, DC Motor Control",245.00,2-4 weeks
S-25A,"S-25A: 1/4 HP, Analog, Enclosed DC Motor Control",245.00,Currently out of Stock
OC1-76,"OC1-76: 3/4 HP, Analog, DC Motor Control",255.00,2-4 weeks
S-26A,S-26A,255.00,Currently out of Stock
S-51A,"S-51A: 1/2 HP, Analog, Enclosed DC Motor Control",255.00,Currently out of Stock
S-76A,"S-76A: 3/4 HP, Analog, Enclosed DC Motor Control",255.00,Currently out of Stock
OC1-101,"OC1-101: 1 HP, Analog, DC Motor Control",255.00,2-4 weeks
OC1-151,"OC1-151: 1.5 HP, Analog, DC Motor Control",255.00,2-4 weeks
OC1-25,"OC1-25: 1/4 HP, Analog, DC Motor Control",245.00,2-4 weeks
NES1-004SB,"NES1-004SB: Variable Torque Hitachi 1/2 HP, 0.4 kW, VFD",233.00,Currently out of Stock
S-50A,"S-50A: 1/2 HP, Analog, Enclosed DC Motor Control",245.00,Currently out of Stock
S-75A,"S-75A: 3/4 HP, Analog, Enclosed DC Motor Control",245.00,Currently out of Stock
C1-007SFU2,"C1-007SFU2: Constant Torque, Sensorless Vector, Hitachi 1HP",247.20,Currently out of Stock
S-150A,"S-150A: 1.5 HP, Analog, Enclosed DC Motor Control",255.00,Currently out of Stock
NES1-007SB,"NES1-007SB: Variable Torque Hitachi 1 HP, 0.7 kW, VFD",269.00,Currently out of Stock
WJ200-007MF,"WJ200-007MF: Constant Torque, Sensorless Vector, 115VAC Input",274.00,Currently out of Stock
WJ200-007HF,"WJ200-007HF: Constant Torque, Sensorless Vector Hitachi 1 HP, 0.7kW",294.60,Currently out of Stock
WJ200-015LF,"WJ200-015LF: Constant Torque, Sensorless Vector Hitachi 2 HP, 1.5kW",312.60,Currently out of Stock
WJ200-015HF,"WJ200-015HF: Constant Torque, Sensorless Vector Hitachi 2 HP, 1.5kW",315.60,Currently out of Stock
NES1-022SB,"NES1-022SB: Variable Torque Hitachi 3 HP, 2.2 kW, VFD",359.00,Currently out of Stock
WJ200-022LF,"WJ200-022LF: Constant Torque, Sensorless Vector Hitachi 3 HP, 2.2kW",372.60,Currently out of Stock
DRM150i-1,"DRM150i-1: Din Rail Mountable, Isolated, 3/4 HP, Analog, DC Moto",431.00,2-4 weeks
SP-75,"SP-75: 3/4 HP, Enclosed Analog, DC Motor Control",520.00,Currently out of Stock
SP-100,"SP-100: 1 HP, Enclosed Analog, DC Motor Control",520.00,Currently out of Stock
SP-25,"SP-25: 1/4 HP, Enclosed Analog, DC Motor Control",520.00,Currently out of Stock
SP-50,"SP-50: 1/2 HP, Enclosed Analog, DC Motor Control",520.00,Currently out of Stock
SP-51,"SP-51: 1/2 HP, Enclosed Analog, DC Motor Control",550.00,Currently out of Stock
SP-76,"SP-76: 3/4 HP, Enclosed Analog, DC Motor Control",550.00,Currently out of Stock
SP-101,"SP-101: 1 HP, Enclosed Analog, DC Motor Control",550.00,Currently out of Stock
SP-151,"SP-151: 1.5 HP, Enclosed Analog, DC Motor Control",550.00,Currently out of Stock
SP-200,"SP-200: 2 HP, Enclosed Analog, DC Motor Control",550.00,Currently out of Stock
SP-26,"SP-26: 1/4 HP, Enclosed Analog, DC Motor Control",550.00,Currently out of Stock
P1-00228-LFUF,"P1-00228-LFUF: Constant Torque Hitachi 5 HP, 3.7 kW, VFD",664.80,Currently out of Stock
P1-00330-LFUF,"P1-00330-LFUF: Constant Torque Hitachi 7.5 HP, 5.5 kW, VFD",677.40,Currently out of Stock
CT1-100,CT1-100,699.00,Currently out of Stock
CT1-151,CT1-151,700.00,Currently out of Stock
P1-00083-HFUF,"P1-00083-HFUF: Constant Torque Hitachi 3 HP, 2.2 kW, VFD",734.40,Currently out of Stock
PRD2-50,"PRD2-50: 1/2 HP, Regenerative Analog, DC Motor Control",830.00,2-4 weeks
PRD2-66,"PRD2-66: 2/3 HP, Regenerative Analog, DC Motor Control",830.00,2-4 weeks
P1-00126-HFUF,"P1-00126-HFUF: Constant Torque Hitachi 5 HP, 3.7 kW, VFD",763.20,Currently out of Stock
PRD2-51,"PRD2-51: 1/2 HP, Regenerative Analog, DC Motor Control",915.00,2-4 weeks
PRD2-101,"PRD2-101: 1 HP, Regenerative Analog, DC Motor Control",915.00,2-4 weeks
WJ200-110LF,"WJ200-110LF: Constant Torque, Sensorless Vector Hitachi 15 HP, 11kW",822.00,Currently out of Stock
CT1-201,CT1-201,900.00,Currently out of Stock
PRD2i-50,PRD2i-50,830.00,2-4 weeks
WJ200-110HF,"WJ200-110HF: Constant Torque, Sensorless Vector Hitachi 15 HP, 11kW",941.40,Currently out of Stock
PRD2i-51,PRD2i-51,915.00,2-4 weeks
PRD2i-101,PRD2i-101,915.00,2-4 weeks
CT1-150,CT1-150,999.00,Currently out of Stock
CT1-200,"CT1-200,","1,199.00",Currently out of Stock
CT1-300,CT1-300,"1,399.00",Currently out of Stock
CT1-301,"CT1-301
PLEASE CALL FOR SUBSTITUTION","1,499.00",Currently out of Stock
PRD8-101,"PRD8-101: 1 HP, Analog Regenerative, DC Motor Control","1,800.00",2-4 weeks
PRD8-150,"PRD8-150: 1.5 HP, Analog Regenerative, DC Motor Control","1,800.00",2-4 weeks
PRD8-200,"PRD8-200: 2 HP, Analog Regenerative, DC Motor Control","1,800.00",2-4 weeks
PRD8-300,"PRD8-300: 3 HP, Analog Regenerative, DC Motor Control","1,800.00",2-4 weeks
PRD8-500,"PRD8-500: 5 HP, Analog Regenerative, DC Motor Control","1,800.00",2-4 weeks
PRD8-51,"PRD8-51: 1/2 HP, Analog Regenerative, DC Motor Control","1,800.00",2-4 weeks
PRD8-76,"PRD8-76: 3/4 HP, Analog Regenerative, DC Motor Control","1,800.00",2-4 weeks
PRD8-750,"PRD8-750: 7.5 HP, Analog Regenerative, DC Motor Control","1,925.00",2-4 weeks
CT1-400,"CT1-400, 40HP, 30kW, Constant Torque,","1,999.00",Currently out of Stock
CT1-401,"CT1-401
PLEASE CALL FOR SUBSTITUTION","2,099.00",Currently out of Stock
ODP-2-54050-3HF42-MN,ODP-2-54050-3HF42-MN: Constant Torque 50HP 37kW VFD,"2,858.21",Currently out of Stock
CT1-501,"CT1-501
PLEASE CALL FOR SUBSTITUTION","2,599.00",Currently out of Stock
CT1-601,"CT1-601
PLEASE CALL FOR SUBSTITUTION","2,899.00",Currently out of Stock
CT1-500,CT1-500,"3,150.00",Currently out of Stock
P1-01470-HFUF,"P1-01470-HFUF: Constant Torque Hitachi 75 HP, 55 kW, VFD","3,679.20",Currently out of Stock
CT1-600,CT1-600,"3,999.00",Currently out of Stock
P1-02950-LFUF,"P1-02950-LFUF: Constant Torque Hitachi 75 HP, 55 kW, VFD","4,828.80",Currently out of Stock
P1-02130-HFUF,"P1-02130-HFUF: Constant Torque Hitachi 125 HP, 90 kW, VFD","6,137.40",Currently out of Stock
D2Q1-3000,"D2Q1-3000: Non Regenerative 300 HP, Digital 460V DC Drive","7,569.00",2-4 weeks
D4Q1-3000-1,"D4Q1-3000-1: Regenerative 150 HP, Digital 230V DC Drive","7,569.00",2-4 weeks
D4Q1-3000,"D4Q1-3000: Regenerative 300 HP, Digital 460V DC Drive","7,569.00",2-4 weeks
D2Q1-3000-1,"D2Q1-3000-1: Non Regenerative 150 HP, Digital 230V DC Drive","7,569.00",2-4 weeks
D2Q1-3500,"D2Q1-3500: Non Regenerative 350 HP, Digital 460V DC Drive","9,173.00",2-4 weeks
D4Q1-3500,"D4Q1-3500: Regenerative 350 HP, Digital 460V DC Drive","9,273.00",2-4 weeks
D4Q1-4500,"D4Q1-4500: Regenerative 450 HP, Digital 460V DC Drive","10,350.00",2-4 weeks
D2Q1-4000,"D2Q1-4000: Non Regenerative 400 HP, Digital 460V DC Drive","9,609.00",2-4 weeks
D4Q1-4000,"D4Q1-4000: Regenerative 400 HP, Digital 460V DC Drive","9,773.00",2-4 weeks
D2Q1-4500,"D2Q1-4500: Non Regenerative 450 HP, Digital 460V DC Drive","10,114.00",2-4 weeks
D2Q1-5000,"D2Q1-5000: Non Regenerative 500 HP, Digital 460V DC Drive","10,485.00",2-4 weeks
P1-03720-HFUF,"210 HP, 310 Amp, P1-03720-HFUF, Constant Torque AC Drive, Input: 400 - 480VAC, Three Phase","13,350.00",Currently out of Stock
D4Q1-5000,"D4Q1-5000: Regenerative 500 HP, Digital 460V DC Drive","10,685.00",2-4 weeks
P1-04320-HFUF,"P1-04320-HFUF: Constant Torque Hitachi 250 HP, 185 kW, VFD","13,485.00",Currently out of Stock
P1-04860-HFUF,"P1-04860-HFUF: Constant Torque Hitachi 265 HP, 200 kW, VFD","14,130.00",Currently out of Stock
P1-05200-HFUF,"P1-05200-HFUF: Constant Torque Hitachi 300 HP, 220 kW, VFD","14,725.00",Currently out of Stock
P1-05500-HFUF,"P1-05500-HFUF: Constant Torque Hitachi 350/400 HP, 37 kW, VFD","16,125.00",Currently out of Stock
P1-06600-HFUF,"P1-06600-HFUF: Constant Torque Hitachi 400/450 HP, 300 kW, VFD","18,445.00",Currently out of Stock
P1-00083-HFUF,"P1-00083-HFUF: Constant Torque Hitachi 3 HP, 2.2 kW, VFD",734.40,Currently out of Stock
PRD2-50,"PRD2-50: 1/2 HP, Regenerative Analog, DC Motor Control",830.00,2-4 weeks
PRD2-66,"PRD2-66: 2/3 HP, Regenerative Analog, DC Motor Control",830.00,2-4 weeks
P1-00126-HFUF,"P1-00126-HFUF: Constant Torque Hitachi 5 HP, 3.7 kW, VFD",763.20,Currently out of Stock
PRD2-51,"PRD2-51: 1/2 HP, Regenerative Analog, DC Motor Control",915.00,2-4 weeks
PRD2-101,"PRD2-101: 1 HP, Regenerative Analog, DC Motor Control",915.00,2-4 weeks
WJ200-110LF,"WJ200-110LF: Constant Torque, Sensorless Vector Hitachi 15 HP, 11kW",822.00,Currently out of Stock
CT1-201,CT1-201,900.00,Currently out of Stock
PRD2i-50,PRD2i-50,830.00,2-4 weeks
WJ200-110HF,"WJ200-110HF: Constant Torque, Sensorless Vector Hitachi 15 HP, 11kW",941.40,Currently out of Stock
PRD2i-51,PRD2i-51,915.00,2-4 weeks
PRD2i-101,PRD2i-101,915.00,2-4 weeks
CT1-150,CT1-150,999.00,Currently out of Stock
CT1-200,"CT1-200,","1,199.00",Currently out of Stock
CT1-300,CT1-300,"1,399.00",Currently out of Stock
CT1-301,"CT1-301
PLEASE CALL FOR SUBSTITUTION","1,499.00",Currently out of Stock
PRD8-101,"PRD8-101: 1 HP, Analog Regenerative, DC Motor Control","1,800.00",2-4 weeks
PRD8-150,"PRD8-150: 1.5 HP, Analog Regenerative, DC Motor Control","1,800.00",2-4 weeks
PRD8-200,"PRD8-200: 2 HP, Analog Regenerative, DC Motor Control","1,800.00",2-4 weeks
PRD8-300,"PRD8-300: 3 HP, Analog Regenerative, DC Motor Control","1,800.00",2-4 weeks
PRD8-500,"PRD8-500: 5 HP, Analog Regenerative, DC Motor Control","1,800.00",2-4 weeks
PRD8-51,"PRD8-51: 1/2 HP, Analog Regenerative, DC Motor Control","1,800.00",2-4 weeks
PRD8-76,"PRD8-76: 3/4 HP, Analog Regenerative, DC Motor Control","1,800.00",2-4 weeks
PRD8-750,"PRD8-750: 7.5 HP, Analog Regenerative, DC Motor Control","1,925.00",2-4 weeks
CT1-400,"CT1-400, 40HP, 30kW, Constant Torque,","1,999.00",Currently out of Stock
CT1-401,"CT1-401
PLEASE CALL FOR SUBSTITUTION","2,099.00",Currently out of Stock
ODP-2-54050-3HF42-MN,ODP-2-54050-3HF42-MN: Constant Torque 50HP 37kW VFD,"2,858.21",Currently out of Stock
CT1-501,"CT1-501
PLEASE CALL FOR SUBSTITUTION","2,599.00",Currently out of Stock
CT1-601,"CT1-601
PLEASE CALL FOR SUBSTITUTION","2,899.00",Currently out of Stock
CT1-500,CT1-500,"3,150.00",Currently out of Stock
P1-01470-HFUF,"P1-01470-HFUF: Constant Torque Hitachi 75 HP, 55 kW, VFD","3,679.20",Currently out of Stock
CT1-600,CT1-600,"3,999.00",Currently out of Stock
P1-02950-LFUF,"P1-02950-LFUF: Constant Torque Hitachi 75 HP, 55 kW, VFD","4,828.80",Currently out of Stock
P1-02130-HFUF,"P1-02130-HFUF: Constant Torque Hitachi 125 HP, 90 kW, VFD","6,137.40",Currently out of Stock
D2Q1-3000,"D2Q1-3000: Non Regenerative 300 HP, Digital 460V DC Drive","7,569.00",2-4 weeks
D4Q1-3000-1,"D4Q1-3000-1: Regenerative 150 HP, Digital 230V DC Drive","7,569.00",2-4 weeks
D4Q1-3000,"D4Q1-3000: Regenerative 300 HP, Digital 460V DC Drive","7,569.00",2-4 weeks
D2Q1-3000-1,"D2Q1-3000-1: Non Regenerative 150 HP, Digital 230V DC Drive","7,569.00",2-4 weeks
D2Q1-3500,"D2Q1-3500: Non Regenerative 350 HP, Digital 460V DC Drive","9,173.00",2-4 weeks
D4Q1-3500,"D4Q1-3500: Regenerative 350 HP, Digital 460V DC Drive","9,273.00",2-4 weeks
D4Q1-4500,"D4Q1-4500: Regenerative 450 HP, Digital 460V DC Drive","10,350.00",2-4 weeks
D2Q1-4000,"D2Q1-4000: Non Regenerative 400 HP, Digital 460V DC Drive","9,609.00",2-4 weeks
D4Q1-4000,"D4Q1-4000: Regenerative 400 HP, Digital 460V DC Drive","9,773.00",2-4 weeks
D2Q1-4500,"D2Q1-4500: Non Regenerative 450 HP, Digital 460V DC Drive","10,114.00",2-4 weeks
D2Q1-5000,"D2Q1-5000: Non Regenerative 500 HP, Digital 460V DC Drive","10,485.00",2-4 weeks
P1-03720-HFUF,"210 HP, 310 Amp, P1-03720-HFUF, Constant Torque AC Drive, Input: 400 - 480VAC, Three Phase","13,350.00",Currently out of Stock
D4Q1-5000,"D4Q1-5000: Regenerative 500 HP, Digital 460V DC Drive","10,685.00",2-4 weeks
P1-04320-HFUF,"P1-04320-HFUF: Constant Torque Hitachi 250 HP, 185 kW, VFD","13,485.00",Currently out of Stock
P1-04860-HFUF,"P1-04860-HFUF: Constant Torque Hitachi 265 HP, 200 kW, VFD","14,130.00",Currently out of Stock
P1-05200-HFUF,"P1-05200-HFUF: Constant Torque Hitachi 300 HP, 220 kW, VFD","14,725.00",Currently out of Stock
P1-05500-HFUF,"P1-05500-HFUF: Constant Torque Hitachi 350/400 HP, 37 kW, VFD","16,125.00",Currently out of Stock
P1-06600-HFUF,"P1-06600-HFUF: Constant Torque Hitachi 400/450 HP, 300 kW, VFD","18,445.00",Currently out of Stock
P1-00083-HFUF,"P1-00083-HFUF: Constant Torque Hitachi 3 HP, 2.2 kW, VFD",734.40,Currently out of Stock
PRD2-50,"PRD2-50: 1/2 HP, Regenerative Analog, DC Motor Control",830.00,2-4 weeks
PRD2-66,"PRD2-66: 2/3 HP, Regenerative Analog, DC Motor Control",830.00,2-4 weeks
P1-00126-HFUF,"P1-00126-HFUF: Constant Torque Hitachi 5 HP, 3.7 kW, VFD",763.20,Currently out of Stock
PRD2-51,"PRD2-51: 1/2 HP, Regenerative Analog, DC Motor Control",915.00,2-4 weeks
PRD2-101,"PRD2-101: 1 HP, Regenerative Analog, DC Motor Control",915.00,2-4 weeks
WJ200-110LF,"WJ200-110LF: Constant Torque, Sensorless Vector Hitachi 15 HP, 11kW",822.00,Currently out of Stock
CT1-201,CT1-201,900.00,Currently out of Stock
PRD2i-50,PRD2i-50,830.00,2-4 weeks
WJ200-110HF,"WJ200-110HF: Constant Torque, Sensorless Vector Hitachi 15 HP, 11kW",941.40,Currently out of Stock
PRD2i-51,PRD2i-51,915.00,2-4 weeks
PRD2i-101,PRD2i-101,915.00,2-4 weeks
CT1-150,CT1-150,999.00,Currently out of Stock
CT1-200,"CT1-200,","1,199.00",Currently out of Stock
CT1-300,CT1-300,"1,399.00",Currently out of Stock
CT1-301,"CT1-301
PLEASE CALL FOR SUBSTITUTION","1,499.00",Currently out of Stock
PRD8-101,"PRD8-101: 1 HP, Analog Regenerative, DC Motor Control","1,800.00",2-4 weeks
PRD8-150,"PRD8-150: 1.5 HP, Analog Regenerative, DC Motor Control","1,800.00",2-4 weeks
PRD8-200,"PRD8-200: 2 HP, Analog Regenerative, DC Motor Control","1,800.00",2-4 weeks
PRD8-300,"PRD8-300: 3 HP, Analog Regenerative, DC Motor Control","1,800.00",2-4 weeks
PRD8-500,"PRD8-500: 5 HP, Analog Regenerative, DC Motor Control","1,800.00",2-4 weeks
PRD8-51,"PRD8-51: 1/2 HP, Analog Regenerative, DC Motor Control","1,800.00",2-4 weeks
PRD8-76,"PRD8-76: 3/4 HP, Analog Regenerative, DC Motor Control","1,800.00",2-4 weeks
PRD8-750,"PRD8-750: 7.5 HP, Analog Regenerative, DC Motor Control","1,925.00",2-4 weeks
CT1-400,"CT1-400, 40HP, 30kW, Constant Torque,","1,999.00",Currently out of Stock
CT1-401,"CT1-401
PLEASE CALL FOR SUBSTITUTION","2,099.00",Currently out of Stock
ODP-2-54050-3HF42-MN,ODP-2-54050-3HF42-MN: Constant Torque 50HP 37kW VFD,"2,858.21",Currently out of Stock
CT1-501,"CT1-501
PLEASE CALL FOR SUBSTITUTION","2,599.00",Currently out of Stock
CT1-601,"CT1-601
PLEASE CALL FOR SUBSTITUTION","2,899.00",Currently out of Stock
CT1-500,CT1-500,"3,150.00",Currently out of Stock
P1-01470-HFUF,"P1-01470-HFUF: Constant Torque Hitachi 75 HP, 55 kW, VFD","3,679.20",Currently out of Stock
CT1-600,CT1-600,"3,999.00",Currently out of Stock
P1-02950-LFUF,"P1-02950-LFUF: Constant Torque Hitachi 75 HP, 55 kW, VFD","4,828.80",Currently out of Stock
P1-02130-HFUF,"P1-02130-HFUF: Constant Torque Hitachi 125 HP, 90 kW, VFD","6,137.40",Currently out of Stock
D2Q1-3000,"D2Q1-3000: Non Regenerative 300 HP, Digital 460V DC Drive","7,569.00",2-4 weeks
D4Q1-3000-1,"D4Q1-3000-1: Regenerative 150 HP, Digital 230V DC Drive","7,569.00",2-4 weeks
D4Q1-3000,"D4Q1-3000: Regenerative 300 HP, Digital 460V DC Drive","7,569.00",2-4 weeks
D2Q1-3000-1,"D2Q1-3000-1: Non Regenerative 150 HP, Digital 230V DC Drive","7,569.00",2-4 weeks
D2Q1-3500,"D2Q1-3500: Non Regenerative 350 HP, Digital 460V DC Drive","9,173.00",2-4 weeks
D4Q1-3500,"D4Q1-3500: Regenerative 350 HP, Digital 460V DC Drive","9,273.00",2-4 weeks
D4Q1-4500,"D4Q1-4500: Regenerative 450 HP, Digital 460V DC Drive","10,350.00",2-4 weeks
D2Q1-4000,"D2Q1-4000: Non Regenerative 400 HP, Digital 460V DC Drive","9,609.00",2-4 weeks
D4Q1-4000,"D4Q1-4000: Regenerative 400 HP, Digital 460V DC Drive","9,773.00",2-4 weeks
D2Q1-4500,"D2Q1-4500: Non Regenerative 450 HP, Digital 460V DC Drive","10,114.00",2-4 weeks
D2Q1-5000,"D2Q1-5000: Non Regenerative 500 HP, Digital 460V DC Drive","10,485.00",2-4 weeks
P1-03720-HFUF,"210 HP, 310 Amp, P1-03720-HFUF, Constant Torque AC Drive, Input: 400 - 480VAC, Three Phase","13,350.00",Currently out of Stock
D4Q1-5000,"D4Q1-5000: Regenerative 500 HP, Digital 460V DC Drive","10,685.00",2-4 weeks
P1-04320-HFUF,"P1-04320-HFUF: Constant Torque Hitachi 250 HP, 185 kW, VFD","13,485.00",Currently out of Stock
P1-04860-HFUF,"P1-04860-HFUF: Constant Torque Hitachi 265 HP, 200 kW, VFD","14,130.00",Currently out of Stock
P1-05200-HFUF,"P1-05200-HFUF: Constant Torque Hitachi 300 HP, 220 kW, VFD","14,725.00",Currently out of Stock
P1-05500-HFUF,"P1-05500-HFUF: Constant Torque Hitachi 350/400 HP, 37 kW, VFD","16,125.00",Currently out of Stock
P1-06600-HFUF,"P1-06600-HFUF: Constant Torque Hitachi 400/450 HP, 300 kW, VFD","18,445.00",Currently out of Stock
P1-00083-HFUF,"P1-00083-HFUF: Constant Torque Hitachi 3 HP, 2.2 kW, VFD",734.40,Currently out of Stock
PRD2-50,"PRD2-50: 1/2 HP, Regenerative Analog, DC Motor Control",830.00,2-4 weeks
PRD2-66,"PRD2-66: 2/3 HP, Regenerative Analog, DC Motor Control",830.00,2-4 weeks
P1-00126-HFUF,"P1-00126-HFUF: Constant Torque Hitachi 5 HP, 3.7 kW, VFD",763.20,Currently out of Stock
PRD2-51,"PRD2-51: 1/2 HP, Regenerative Analog, DC Motor Control",915.00,2-4 weeks
PRD2-101,"PRD2-101: 1 HP, Regenerative Analog, DC Motor Control",915.00,2-4 weeks
WJ200-110LF,"WJ200-110LF: Constant Torque, Sensorless Vector Hitachi 15 HP, 11kW",822.00,Currently out of Stock
CT1-201,CT1-201,900.00,Currently out of Stock
PRD2i-50,PRD2i-50,830.00,2-4 weeks
WJ200-110HF,"WJ200-110HF: Constant Torque, Sensorless Vector Hitachi 15 HP, 11kW",941.40,Currently out of Stock
PRD2i-51,PRD2i-51,915.00,2-4 weeks
PRD2i-101,PRD2i-101,915.00,2-4 weeks
CT1-150,CT1-150,999.00,Currently out of Stock
CT1-200,"CT1-200,","1,199.00",Currently out of Stock
CT1-300,CT1-300,"1,399.00",Currently out of Stock
CT1-301,"CT1-301
PLEASE CALL FOR SUBSTITUTION","1,499.00",Currently out of Stock
PRD8-101,"PRD8-101: 1 HP, Analog Regenerative, DC Motor Control","1,800.00",2-4 weeks
PRD8-150,"PRD8-150: 1.5 HP, Analog Regenerative, DC Motor Control","1,800.00",2-4 weeks
PRD8-200,"PRD8-200: 2 HP, Analog Regenerative, DC Motor Control","1,800.00",2-4 weeks
PRD8-300,"PRD8-300: 3 HP, Analog Regenerative, DC Motor Control","1,800.00",2-4 weeks
PRD8-500,"PRD8-500: 5 HP, Analog Regenerative, DC Motor Control","1,800.00",2-4 weeks
PRD8-51,"PRD8-51: 1/2 HP, Analog Regenerative, DC Motor Control","1,800.00",2-4 weeks
PRD8-76,"PRD8-76: 3/4 HP, Analog Regenerative, DC Motor Control","1,800.00",2-4 weeks
PRD8-750,"PRD8-750: 7.5 HP, Analog Regenerative, DC Motor Control","1,925.00",2-4 weeks
CT1-400,"CT1-400, 40HP, 30kW, Constant Torque,","1,999.00",Currently out of Stock
CT1-401,"CT1-401
PLEASE CALL FOR SUBSTITUTION","2,099.00",Currently out of Stock
ODP-2-54050-3HF42-MN,ODP-2-54050-3HF42-MN: Constant Torque 50HP 37kW VFD,"2,858.21",Currently out of Stock
CT1-501,"CT1-501
PLEASE CALL FOR SUBSTITUTION","2,599.00",Currently out of Stock
CT1-601,"CT1-601
PLEASE CALL FOR SUBSTITUTION","2,899.00",Currently out of Stock
CT1-500,CT1-500,"3,150.00",Currently out of Stock
P1-01470-HFUF,"P1-01470-HFUF: Constant Torque Hitachi 75 HP, 55 kW, VFD","3,679.20",Currently out of Stock
CT1-600,CT1-600,"3,999.00",Currently out of Stock
P1-02950-LFUF,"P1-02950-LFUF: Constant Torque Hitachi 75 HP, 55 kW, VFD","4,828.80",Currently out of Stock
P1-02130-HFUF,"P1-02130-HFUF: Constant Torque Hitachi 125 HP, 90 kW, VFD","6,137.40",Currently out of Stock
D2Q1-3000,"D2Q1-3000: Non Regenerative 300 HP, Digital 460V DC Drive","7,569.00",2-4 weeks
D4Q1-3000-1,"D4Q1-3000-1: Regenerative 150 HP, Digital 230V DC Drive","7,569.00",2-4 weeks
D4Q1-3000,"D4Q1-3000: Regenerative 300 HP, Digital 460V DC Drive","7,569.00",2-4 weeks
D2Q1-3000-1,"D2Q1-3000-1: Non Regenerative 150 HP, Digital 230V DC Drive","7,569.00",2-4 weeks
D2Q1-3500,"D2Q1-3500: Non Regenerative 350 HP, Digital 460V DC Drive","9,173.00",2-4 weeks
D4Q1-3500,"D4Q1-3500: Regenerative 350 HP, Digital 460V DC Drive","9,273.00",2-4 weeks
D4Q1-4500,"D4Q1-4500: Regenerative 450 HP, Digital 460V DC Drive","10,350.00",2-4 weeks
D2Q1-4000,"D2Q1-4000: Non Regenerative 400 HP, Digital 460V DC Drive","9,609.00",2-4 weeks
D4Q1-4000,"D4Q1-4000: Regenerative 400 HP, Digital 460V DC Drive","9,773.00",2-4 weeks
D2Q1-4500,"D2Q1-4500: Non Regenerative 450 HP, Digital 460V DC Drive","10,114.00",2-4 weeks
D2Q1-5000,"D2Q1-5000: Non Regenerative 500 HP, Digital 460V DC Drive","10,485.00",2-4 weeks
P1-03720-HFUF,"210 HP, 310 Amp, P1-03720-HFUF, Constant Torque AC Drive, Input: 400 - 480VAC, Three Phase","13,350.00",Currently out of Stock
D4Q1-5000,"D4Q1-5000: Regenerative 500 HP, Digital 460V DC Drive","10,685.00",2-4 weeks
P1-04320-HFUF,"P1-04320-HFUF: Constant Torque Hitachi 250 HP, 185 kW, VFD","13,485.00",Currently out of Stock
P1-04860-HFUF,"P1-04860-HFUF: Constant Torque Hitachi 265 HP, 200 kW, VFD","14,130.00",Currently out of Stock
P1-05200-HFUF,"P1-05200-HFUF: Constant Torque Hitachi 300 HP, 220 kW, VFD","14,725.00",Currently out of Stock
P1-05500-HFUF,"P1-05500-HFUF: Constant Torque Hitachi 350/400 HP, 37 kW, VFD","16,125.00",Currently out of Stock
P1-06600-HFUF,"P1-06600-HFUF: Constant Torque Hitachi 400/450 HP, 300 kW, VFD","18,445.00",Currently out of Stock
P1-00083-HFUF,"P1-00083-HFUF: Constant Torque Hitachi 3 HP, 2.2 kW, VFD",734.40,Currently out of Stock
PRD2-50,"PRD2-50: 1/2 HP, Regenerative Analog, DC Motor Control",830.00,2-4 weeks
PRD2-66,"PRD2-66: 2/3 HP, Regenerative Analog, DC Motor Control",830.00,2-4 weeks
P1-00126-HFUF,"P1-00126-HFUF: Constant Torque Hitachi 5 HP, 3.7 kW, VFD",763.20,Currently out of Stock
PRD2-51,"PRD2-51: 1/2 HP, Regenerative Analog, DC Motor Control",915.00,2-4 weeks
PRD2-101,"PRD2-101: 1 HP, Regenerative Analog, DC Motor Control",915.00,2-4 weeks
WJ200-110LF,"WJ200-110LF: Constant Torque, Sensorless Vector Hitachi 15 HP, 11kW",822.00,Currently out of Stock
CT1-201,CT1-201,900.00,Currently out of Stock
PRD2i-50,PRD2i-50,830.00,2-4 weeks
WJ200-110HF,"WJ200-110HF: Constant Torque, Sensorless Vector Hitachi 15 HP, 11kW",941.40,Currently out of Stock
PRD2i-51,PRD2i-51,915.00,2-4 weeks
PRD2i-101,PRD2i-101,915.00,2-4 weeks
CT1-150,CT1-150,999.00,Currently out of Stock
CT1-200,"CT1-200,","1,199.00",Currently out of Stock
CT1-300,CT1-300,"1,399.00",Currently out of Stock
CT1-301,"CT1-301
PLEASE CALL FOR SUBSTITUTION","1,499.00",Currently out of Stock
PRD8-101,"PRD8-101: 1 HP, Analog Regenerative, DC Motor Control","1,800.00",2-4 weeks
PRD8-150,"PRD8-150: 1.5 HP, Analog Regenerative, DC Motor Control","1,800.00",2-4 weeks
PRD8-200,"PRD8-200: 2 HP, Analog Regenerative, DC Motor Control","1,800.00",2-4 weeks
PRD8-300,"PRD8-300: 3 HP, Analog Regenerative, DC Motor Control","1,800.00",2-4 weeks
PRD8-500,"PRD8-500: 5 HP, Analog Regenerative, DC Motor Control","1,800.00",2-4 weeks
PRD8-51,"PRD8-51: 1/2 HP, Analog Regenerative, DC Motor Control","1,800.00",2-4 weeks
PRD8-76,"PRD8-76: 3/4 HP, Analog Regenerative, DC Motor Control","1,800.00",2-4 weeks
PRD8-750,"PRD8-750: 7.5 HP, Analog Regenerative, DC Motor Control","1,925.00",2-4 weeks
CT1-400,"CT1-400, 40HP, 30kW, Constant Torque,","1,999.00",Currently out of Stock
CT1-401,"CT1-401
PLEASE CALL FOR SUBSTITUTION","2,099.00",Currently out of Stock
ODP-2-54050-3HF42-MN,ODP-2-54050-3HF42-MN: Constant Torque 50HP 37kW VFD,"2,858.21",Currently out of Stock
CT1-501,"CT1-501
PLEASE CALL FOR SUBSTITUTION","2,599.00",Currently out of Stock
CT1-601,"CT1-601
PLEASE CALL FOR SUBSTITUTION","2,899.00",Currently out of Stock
CT1-500,CT1-500,"3,150.00",Currently out of Stock
P1-01470-HFUF,"P1-01470-HFUF: Constant Torque Hitachi 75 HP, 55 kW, VFD","3,679.20",Currently out of Stock
CT1-600,CT1-600,"3,999.00",Currently out of Stock
P1-02950-LFUF,"P1-02950-LFUF: Constant Torque Hitachi 75 HP, 55 kW, VFD","4,828.80",Currently out of Stock
P1-02130-HFUF,"P1-02130-HFUF: Constant Torque Hitachi 125 HP, 90 kW, VFD","6,137.40",Currently out of Stock
D2Q1-3000,"D2Q1-3000: Non Regenerative 300 HP, Digital 460V DC Drive","7,569.00",2-4 weeks
D4Q1-3000-1,"D4Q1-3000-1: Regenerative 150 HP, Digital 230V DC Drive","7,569.00",2-4 weeks
D4Q1-3000,"D4Q1-3000: Regenerative 300 HP, Digital 460V DC Drive","7,569.00",2-4 weeks
D2Q1-3000-1,"D2Q1-3000-1: Non Regenerative 150 HP, Digital 230V DC Drive","7,569.00",2-4 weeks
D2Q1-3500,"D2Q1-3500: Non Regenerative 350 HP, Digital 460V DC Drive","9,173.00",2-4 weeks
D4Q1-3500,"D4Q1-3500: Regenerative 350 HP, Digital 460V DC Drive","9,273.00",2-4 weeks
D4Q1-4500,"D4Q1-4500: Regenerative 450 HP, Digital 460V DC Drive","10,350.00",2-4 weeks
D2Q1-4000,"D2Q1-4000: Non Regenerative 400 HP, Digital 460V DC Drive","9,609.00",2-4 weeks
D4Q1-4000,"D4Q1-4000: Regenerative 400 HP, Digital 460V DC Drive","9,773.00",2-4 weeks
D2Q1-4500,"D2Q1-4500: Non Regenerative 450 HP, Digital 460V DC Drive","10,114.00",2-4 weeks
D2Q1-5000,"D2Q1-5000: Non Regenerative 500 HP, Digital 460V DC Drive","10,485.00",2-4 weeks
P1-03720-HFUF,"210 HP, 310 Amp, P1-03720-HFUF, Constant Torque AC Drive, Input: 400 - 480VAC, Three Phase","13,350.00",Currently out of Stock
D4Q1-5000,"D4Q1-5000: Regenerative 500 HP, Digital 460V DC Drive","10,685.00",2-4 weeks
P1-04320-HFUF,"P1-04320-HFUF: Constant Torque Hitachi 250 HP, 185 kW, VFD","13,485.00",Currently out of Stock
P1-04860-HFUF,"P1-04860-HFUF: Constant Torque Hitachi 265 HP, 200 kW, VFD","14,130.00",Currently out of Stock
P1-05200-HFUF,"P1-05200-HFUF: Constant Torque Hitachi 300 HP, 220 kW, VFD","14,725.00",Currently out of Stock
P1-05500-HFUF,"P1-05500-HFUF: Constant Torque Hitachi 350/400 HP, 37 kW, VFD","16,125.00",Currently out of Stock
P1-06600-HFUF,"P1-06600-HFUF: Constant Torque Hitachi 400/450 HP, 300 kW, VFD","18,445.00",Currently out of Stock
